Datetime,Water Level (m)
2026-04-22 00:00:00,-1.0131824
2026-04-22 01:00:00,-0.95190847
2026-04-22 02:00:00,-0.5998554
2026-04-22 03:00:00,-0.15194461
2026-04-22 04:00:00,0.31085408
2026-04-22 05:00:00,0.74430263
2026-04-22 06:00:00,0.9502236
2026-04-22 07:00:00,0.9344735
2026-04-22 08:00:00,0.6817514
2026-04-22 09:00:00,0.25439
2026-04-22 10:00:00,-0.15833934
2026-04-22 11:00:00,-0.51587164
2026-04-22 12:00:00,-0.6999649
2026-04-22 13:00:00,-0.7814853
2026-04-22 14:00:00,-0.71180767
2026-04-22 15:00:00,-0.44991234
2026-04-22 16:00:00,-0.1336058
2026-04-22 17:00:00,0.14100443
2026-04-22 18:00:00,0.37283465
2026-04-22 19:00:00,0.44004515
2026-04-22 20:00:00,0.30452162
2026-04-22 21:00:00,0.041741792
2026-04-22 22:00:00,-0.27561274
2026-04-22 23:00:00,-0.6201508
2026-04-23 00:00:00,-0.8216868
2026-04-23 01:00:00,-0.8539833
2026-04-23 02:00:00,-0.70829415
2026-04-23 03:00:00,-0.42547822
2026-04-23 04:00:00,-0.083248876
2026-04-23 05:00:00,0.27447578
2026-04-23 06:00:00,0.5907261
2026-04-23 07:00:00,0.7386683
2026-04-23 08:00:00,0.7467826
2026-04-23 09:00:00,0.5887917
2026-04-23 10:00:00,0.30028033
2026-04-23 11:00:00,-0.01713923
2026-04-23 12:00:00,-0.3241294
2026-04-23 13:00:00,-0.6085215
2026-04-23 14:00:00,-0.7170967
2026-04-23 15:00:00,-0.65356433
2026-04-23 16:00:00,-0.44213986
2026-04-23 17:00:00,-0.20229743
2026-04-23 18:00:00,0.043494664
2026-04-23 19:00:00,0.219833
2026-04-23 20:00:00,0.30085227
2026-04-23 21:00:00,0.23327886
2026-04-23 22:00:00,0.07948108
2026-04-23 23:00:00,-0.14292546
2026-04-24 00:00:00,-0.38115257
2026-04-24 01:00:00,-0.5924412
2026-04-24 02:00:00,-0.6503023
2026-04-24 03:00:00,-0.5897603
2026-04-24 04:00:00,-0.40184864
2026-04-24 05:00:00,-0.13797013
2026-04-24 06:00:00,0.13840476
2026-04-24 07:00:00,0.42108944
2026-04-24 08:00:00,0.60183597
2026-04-24 09:00:00,0.66968983
2026-04-24 10:00:00,0.5700582
2026-04-24 11:00:00,0.32069874
2026-04-24 12:00:00,0.018363625
2026-04-24 13:00:00,-0.2671246
2026-04-24 14:00:00,-0.53229374
2026-04-24 15:00:00,-0.6460657
2026-04-24 16:00:00,-0.6454037
2026-04-24 17:00:00,-0.5176197
2026-04-24 18:00:00,-0.35102502
2026-04-24 19:00:00,-0.112876706
2026-04-24 20:00:00,0.08956185
2026-04-24 21:00:00,0.22705594
2026-04-24 22:00:00,0.24657546
2026-04-24 23:00:00,0.1841857
2026-04-25 00:00:00,0.011856098
2026-04-25 01:00:00,-0.21636336
2026-04-25 02:00:00,-0.42781407
2026-04-25 03:00:00,-0.57647777
2026-04-25 04:00:00,-0.5678702
2026-04-25 05:00:00,-0.4523487
2026-04-25 06:00:00,-0.26549962
2026-04-25 07:00:00,-0.028553221
2026-04-25 08:00:00,0.2443359
2026-04-25 09:00:00,0.46438032
2026-04-25 10:00:00,0.5524677
2026-04-25 11:00:00,0.53267187
2026-04-25 12:00:00,0.38485655
2026-04-25 13:00:00,0.12519433
2026-04-25 14:00:00,-0.16871953
2026-04-25 15:00:00,-0.5015784
2026-04-25 16:00:00,-0.68684524
2026-04-25 17:00:00,-0.7244495
2026-04-25 18:00:00,-0.64927715
2026-04-25 19:00:00,-0.46140045
2026-04-25 20:00:00,-0.1821524
2026-04-25 21:00:00,0.07264227
2026-04-25 22:00:00,0.2824445
2026-04-25 23:00:00,0.3797426
2026-04-26 00:00:00,0.347287
2026-04-26 01:00:00,0.21472265
2026-04-26 02:00:00,-0.02861678
2026-04-26 03:00:00,-0.28909913
2026-04-26 04:00:00,-0.53045624
2026-04-26 05:00:00,-0.5811732
2026-04-26 06:00:00,-0.5318645
2026-04-26 07:00:00,-0.38588122
2026-04-26 08:00:00,-0.09847851
2026-04-26 09:00:00,0.20714337
2026-04-26 10:00:00,0.481297
2026-04-26 11:00:00,0.60282093
2026-04-26 12:00:00,0.6187719
2026-04-26 13:00:00,0.49927893
2026-04-26 14:00:00,0.20164827
2026-04-26 15:00:00,-0.16260321
2026-04-26 16:00:00,-0.546129
2026-04-26 17:00:00,-0.7556021
2026-04-26 18:00:00,-0.78628486
2026-04-26 19:00:00,-0.7199622
2026-04-26 20:00:00,-0.48805484
2026-04-26 21:00:00,-0.12538779
2026-04-26 22:00:00,0.19764715
2026-04-26 23:00:00,0.44504628
2026-04-27 00:00:00,0.54831773
2026-04-27 01:00:00,0.5553315
2026-04-27 02:00:00,0.37627026
2026-04-27 03:00:00,0.0392738
2026-04-27 04:00:00,-0.28667
2026-04-27 05:00:00,-0.5903378
2026-04-27 06:00:00,-0.6786232
2026-04-27 07:00:00,-0.6332044
2026-04-27 08:00:00,-0.42874512
2026-04-27 09:00:00,-0.086090565
2026-04-27 10:00:00,0.24716309
2026-04-27 11:00:00,0.54900277
2026-04-27 12:00:00,0.6835327
2026-04-27 13:00:00,0.68331385
2026-04-27 14:00:00,0.5404946
2026-04-27 15:00:00,0.20144126
2026-04-27 16:00:00,-0.23324431
2026-04-27 17:00:00,-0.6837641
2026-04-27 18:00:00,-0.91418755
2026-04-27 19:00:00,-0.92678845
2026-04-27 20:00:00,-0.7395804
2026-04-27 21:00:00,-0.39343098
2026-04-27 22:00:00,0.047819518
2026-04-27 23:00:00,0.40017098
2026-04-28 00:00:00,0.6468743
